{
    "minLon": 9.775842666625977,
    "maxLon": 9.954444885253907,
    "minLat": 44.02049255371094,
    "maxLat": 44.12880325317383,
    "widthM": 14156.861328125,
    "lengthM": 12159.1943359375,
    "heightM": 730.93115234375,
    "seaLevelNorm": 0.08438597619533539,
    "rawResolution": 2049
}