{
    "minLon": 9.775842666625977,
    "maxLon": 9.953750610351563,
    "minLat": 44.095706939697269,
    "maxLat": 44.12853240966797,
    "widthM": 14101.681640625,
    "lengthM": 3685.7578125,
    "heightM": 730.93115234375,
    "seaLevelNorm": 0.08438597619533539,
    "rawResolution": 2049
}