{
    "minLon": 9.775842666625977,
    "maxLon": 9.954010963439942,
    "minLat": 44.07723617553711,
    "maxLat": 44.12860107421875,
    "widthM": 14122.3486328125,
    "lengthM": 5766.5830078125,
    "heightM": 730.93115234375,
    "seaLevelNorm": 0.08438597619533539,
    "rawResolution": 2049
}