{
    "minLon": 9.775842666625977,
    "maxLon": 9.953837394714356,
    "minLat": 44.0904426574707,
    "maxLat": 44.1285514831543,
    "widthM": 14108.5673828125,
    "lengthM": 4278.8203125,
    "heightM": 730.93115234375,
    "seaLevelNorm": 0.08438597619533539,
    "rawResolution": 2049
}