{
    "minLon": 9.775842666625977,
    "maxLon": 9.953924179077149,
    "minLat": 44.08433151245117,
    "maxLat": 44.12857437133789,
    "widthM": 14115.4560546875,
    "lengthM": 4967.310546875,
    "heightM": 730.93115234375,
    "seaLevelNorm": 0.08438597619533539,
    "rawResolution": 2049
}