{
    "minLon": 9.775842666625977,
    "maxLon": 9.95427131652832,
    "minLat": 44.04833984375,
    "maxLat": 44.12870407104492,
    "widthM": 14143.0458984375,
    "lengthM": 9022.1552734375,
    "heightM": 730.93115234375,
    "seaLevelNorm": 0.08438597619533539,
    "rawResolution": 2049
}